team_name,hitters
KIA,"['박찬호' '김도영' '소크라테스' '최형우' '이창진' '김선빈' '이우성' '황대인' '한승택' '김태군' '김호령' '최원준'
 '서건창' '고종욱' '한준수' '박민' '김규성' '홍종표' '곽도규' '전상현' '최지민' '나성범' '박정우' '변우혁'
 '정해영' '황동하' '김승현' '이형범' '김두현' '김사윤' '윤도현' '최정용' '오선우' '김민주']"
KT,"['배정대' '김민혁' '로하스' '안치영' '정준영' '박병호' '강백호' '황재균' '장성우' '천성호' '박경수' '김상수'
 '문상철' '강건' '김준태' '신본기' '성재헌' '조용호' '송민섭' '박영현' '이선우' '우규민' '주권' '이호연'
 '김병준' '손동현' '박시영' '홍현빈' '조대현' '김건형' '장준원' '오윤석' '오재일' '안현민' '강현우' '윤준혁'
 '박민석' '김민' '심우준' '권동진' '박세진' '김영현' '강민성']"
LG,"['박해민' '홍창기' '김현수' '최승민' '오스틴' '구본혁' '오지환' '문보경' '박동원' '허도환' '문성주' '신민재'
 '김현종' '손호영' '최동환' '김주성' '김범석' '안익훈' '김수인' '송찬의' '최원영' '전준호' '유영찬' '김민수'
 '김대현' '이지강' '김진성' '최명경' '김대원' '함창건' '김성진' '김성우' '백승현' '진우영' '이영빈' '김유영'
 '정우영' '김영준' '이종준' '박명근' '임준형' '함덕주' '이주헌']"
NC,"['박민우' '권희동' '손아섭' '박영빈' '천재환' '데이비슨' '박건우' '김성욱' '서호철' '김형준' '김주원' '최정원'
 '박세혁' '도태훈' '김한별' '김수윤' '오영수' '한재승' '김세훈' '한석현' '박한결' '김재열' '김영규' '류진욱'
 '김휘집' '송명기' '박시원' '송승환' '김범준' '신용석' '안중열' '한재환']"
SSG,"['최지훈' '추신수' '하재훈' '최정' '한유섬' '에레디아' '박성한' '전의산' '오태곤' '이지영' '김성현' '고명준'
 '박지환' '안상현' '조형우' '최경모' '강진성' '이로운' '김찬형' '류효승' '최준우' '김창평' '정준재' '김민식'
 '조병현' '문승원' '정현승' '한두솔' '최민창' '박민호' '최상민' '신범수' '채현우' '현원회']"
두산,"['정수빈' '라모스' '양의지' '김재환' '양석환' '강승호' '허경민' '이유찬' '박계범' '박준영' '김대한' '김인태'
 '김민혁' '조수행' '정철원' '장승현' '김민규' '안승한' '김태근' '전민재' '김기연' '김호준' '전다민' '김재호'
 '이영하' '김동주' '홍성호' '서예일' '윤준호' '이교훈' '김명신' '홍건희' '최지강' '박치국' '박정수' '양찬열'
 '박민준' '오명진' '제러드' '장규빈' '최승용' '권휘' '김강률' '이병헌' '김택연' '여동건' '류현준' '임종성']"
롯데,"['윤동희' '고승민' '레이예스' '전준우' '노진혁' '황성빈' '유강남' '나승엽' '김민성' '오선진' '박승욱' '장두성'
 '최항' '이주찬' '정훈' '정보근' '손호영' '이학주' '이정훈' '김민석' '정대선' '서동욱' '한동희' '신윤후'
 '손성빈' '백두산' '이선우' '강성우' '김동혁' '이호준' '김원중' '추재현' '김상수' '김강현' '현도훈' '강태율'
 '이인한' '강승구']"
삼성,"['김지찬' '김성윤' '구자욱' '김헌곤' '맥키넌' '강민호' '오재일' '김재혁' '김현준' '류지혁' '전병우' '강한울'
 '김영웅' '이성규' '김재성' '안주형' '김동진' '김동엽' '공민규' '이병헌' '류승민' '김호진' '김재상' '이재현'
 '김태훈' '김대우' '육선엽' '오승환' '김재윤' '박병호' '양우현' '윤정빈' '최지광' '이창용' '이상민' '카디네스'
 '김도환' '김민수' '디아즈' '양도근']"
키움,"['김혜성' '도슨' '임지열' '최주환' '김휘집' '김동헌' '송성문' '이형종' '이재상' '변상권' '고영우' '주성원'
 '박수종' '김재현' '이원석' '김윤하' '김연주' '박준형' '예진원' '이주형' '문성현' '이용규' '김웅빈' '송지후'
 '김재웅' '주승우' '박성빈' '김주형' '김태진' '이승원' '김시앙' '임병욱' '김선기' '김건희' '원성준' '박주홍'
 '신준우' '장재영' '김병휘' '양지율' '김수환' '윤정현' '김동욱' '원종현' '오석주' '박범준' '심휘윤']"
한화,"['정은원' '페라자' '안치홍' '노시환' '채은성' '문현빈' '김강민' '하주석' '김태연' '최재훈' '최인호' '이원석'
 '이도윤' '이재원' '임종찬' '이진영' '황영묵' '유로결' '김인환' '장진혁' '박상언' '이명기' '이상혁' '박상원'
 '주현상' '장규현' '김서현' '권광민' '한경빈' '장민재']"
