leId,srId,seasonId,gameId,Order,Name,Position,AB,H,RBI,R,AVG
1,0,2025,unknown,1,장두성,중,6,2,1,1,0.317
1,0,2025,unknown,2,고승민,二,3,1,0,1,0.306
1,0,2025,unknown,2,이호준,二,0,0,0,0,0.238
1,0,2025,unknown,3,레이예스,좌,5,1,1,1,0.317
1,0,2025,unknown,4,전준우,지,5,2,3,2,0.289
1,0,2025,unknown,5,윤동희,우,4,1,1,0,0.296
1,0,2025,unknown,6,나승엽,一,5,0,0,0,0.257
1,0,2025,unknown,7,손호영,三,3,0,0,1,0.258
1,0,2025,unknown,8,유강남,포,4,2,1,1,0.321
1,0,2025,unknown,8,김동혁,주,0,0,0,0,0.400
1,0,2025,unknown,8,손성빈,포,0,0,0,0,0.000
1,0,2025,unknown,9,전민재,유,4,1,0,0,0.370
1,0,2025,unknown,1,플로리얼,중,6,2,1,1,0.261
1,0,2025,unknown,2,하주석,유,4,2,1,2,0.300
1,0,2025,unknown,3,문현빈,좌,3,2,1,1,0.316
1,0,2025,unknown,4,노시환,三,4,2,4,1,0.254
1,0,2025,unknown,5,최인호,지,2,0,0,0,0.215
1,0,2025,unknown,5,채은성,타지,2,0,0,0,0.280
1,0,2025,unknown,6,김인환,一,2,0,0,0,0.000
1,0,2025,unknown,6,김태연,타一,3,0,0,0,0.234
1,0,2025,unknown,7,이민재,우,2,0,0,0,0.000
1,0,2025,unknown,7,이원석,우,3,1,0,1,0.175
1,0,2025,unknown,8,최재훈,포,4,2,0,2,0.303
1,0,2025,unknown,9,이도윤,二,3,0,0,0,0.220
1,0,2025,unknown,9,황영묵,二,2,1,0,0,0.236
